<?xml version="1.0" encoding="UTF-8"?>
<project-private xmlns="http://www.netbeans.org/ns/project-private/1">
    <editor-bookmarks xmlns="http://www.netbeans.org/ns/editor-bookmarks/2" lastBookmarkId="0"/>
    <open-files xmlns="http://www.netbeans.org/ns/projectui-open-files/2">
        <group>
            <file>file:/C:/Users/Emylle%20Matos/Desktop/Programa%20BD/Sistema/src/sistema/ControleInicio.java</file>
            <file>file:/C:/Users/Emylle%20Matos/Desktop/Programa%20BD/Sistema/src/dados/Produtos.java</file>
            <file>file:/C:/Users/Emylle%20Matos/Desktop/Programa%20BD/Sistema/src/telas/tela_produtos.java</file>
            <file>file:/C:/Users/Emylle%20Matos/Desktop/Programa%20BD/Sistema/src/sistema/ControleProdutos.java</file>
            <file>file:/C:/Users/Emylle%20Matos/Desktop/Programa%20BD/Sistema/src/dados/Conexao.java</file>
        </group>
    </open-files>
</project-private>
